sample,P1,Pinf,Pstep,discount_rate,diesel_price,N_mid,method,delta_lcoe_pct_raw,delta_lcoe_pct_corrected,switch_count,bias_correction_factor
1,4.222398846783152,1.7903376896803507,2.0205078639003786,0.0840643149669956,1.7343688564191653,47.75505895395928,full_OnSSET,33.356266244211014,30.05716554825679,4323.0,0.9010950244910345
2,4.828683511099269,1.3382210928422298,2.759268101615305,0.07541958744519955,1.9153698045989591,11.821619666163391,full_OnSSET,64.68446188783223,58.28684676900557,4336.0,0.9010950244910345
3,4.759436576165226,1.50304910865577,2.257858801955703,0.11039836891000562,1.9976260896825684,39.80964919670728,full_OnSSET,60.84855702210705,54.83033198007966,5046.0,0.9010950244910345
4,4.60708851603993,1.0265046279530767,2.630166752688596,0.08002194932793968,1.711545938087636,35.21142641628626,full_OnSSET,82.64456176911314,74.47060341138982,4395.0,0.9010950244910345
5,4.237619487952679,1.722486241426569,2.1856546212303756,0.10369552046480926,2.0021206776178255,12.931631428976287,full_OnSSET,27.485866343896355,24.767377406310587,4655.0,0.9010950244910345
6,3.3608398225338725,1.8848774313106398,2.6873671490934274,0.10861961184826899,1.749689417063787,30.176165895135625,full_OnSSET,65.82998633101286,59.319073145188504,4342.0,0.9010950244910345
7,3.130458889208594,1.7929529240166073,2.368801760491367,0.07343286546593875,2.2290246681937447,32.38133723156863,full_OnSSET,40.374360658903825,36.381135506744805,3536.0,0.9010950244910345
8,4.149390433114578,1.077240829071374,2.5607296106132957,0.13396685139361714,1.8599513294929098,20.02984620341417,full_OnSSET,60.70817320719137,54.70383282294007,5149.0,0.9010950244910345
9,3.609343074405133,1.921098687445061,2.6953257915757125,0.09143020032260504,2.2054737706944265,42.76969363392006,full_OnSSET,71.56468569219474,64.48658220650141,4215.0,0.9010950244910345
10,4.660763555453743,1.10261105077988,2.1151065891374072,0.09897054775647152,2.2427549529803854,24.447350592414967,full_OnSSET,43.966683645191715,39.618159876053596,4784.0,0.9010950244910345
11,3.944470206600621,1.1681885374721472,2.392308545054179,0.12559491856711413,1.9554949832054187,24.278698972289185,full_OnSSET,51.14485419080476,46.0863736396536,4925.0,0.9010950244910345
12,3.395188037792642,1.8105377413367192,2.2697922197139047,0.09220138588420168,1.5651337740923628,31.09988467963698,full_OnSSET,35.56909764657139,32.05113691496125,4036.0,0.9010950244910345
13,4.7995407279802835,1.5389278493162666,2.2612992522707906,0.06933643770409198,2.2388496779486395,34.86259231786505,full_OnSSET,59.86418392587797,53.9433182808248,4196.0,0.9010950244910345
14,3.4222574257708622,1.395751456288131,2.4971622688922053,0.11820546258483114,1.8320494263840028,12.271694632236244,full_OnSSET,38.86991454523526,35.02548659910319,4464.0,0.9010950244910345
15,3.1536057225484546,1.8899619976444137,2.652932259008601,0.06652048281780053,1.9315606101432459,14.556105308583767,full_OnSSET,60.318621931235086,54.35281010639173,3471.0,0.9010950244910345
16,4.790272200429564,1.6924603326373575,2.528172398270563,0.06505505797586979,1.849530294986191,20.601354801240532,full_OnSSET,66.12876543985453,59.588301513587595,4089.0,0.9010950244910345
17,3.5413483161502297,1.4593757073960865,2.5232549304965186,0.0880989395824719,2.0582210996746064,49.41336706716748,full_OnSSET,66.96118206389623,60.338387991815196,4117.0,0.9010950244910345
18,3.612280736794394,1.1442127008923453,2.2794388318969823,0.0727192398378283,1.9029700069772575,10.845471012826673,full_OnSSET,26.66772801337461,24.03015702733204,3837.0,0.9010950244910345
19,4.59690401498457,1.4389445418411613,2.5113554560393356,0.06788707724067149,2.1528755887848634,40.47194386733553,full_OnSSET,79.7725565010069,71.88265375398726,4131.0,0.9010950244910345
20,4.1095452959567815,1.3407245324184693,2.8031540213002866,0.10449646588324138,1.837564508978129,20.40930939572413,full_OnSSET,74.96001782189573,67.54609909506952,4742.0,0.9010950244910345
21,4.673615365558053,1.089951965304946,2.1922784507669992,0.1176986198962505,1.8712288873809433,38.30333007572136,full_OnSSET,57.95602552648826,52.22388624119396,5160.0,0.9010950244910345
22,3.465592269158149,1.2933866422952511,2.4551249671002373,0.06722534324825605,1.9837476342830829,45.6696382784255,full_OnSSET,63.71993287921131,57.41771447836,3678.0,0.9010950244910345
23,3.488460455533378,1.3533481437689678,2.3973423218739685,0.08067824610025984,1.9835621415793396,15.830372445982047,full_OnSSET,38.228893565597495,34.44786578375723,3922.0,0.9010950244910345
24,3.793941908348395,1.5666767892854585,2.492136735427645,0.10214430654095298,1.5426467050781536,35.77452134849045,full_OnSSET,64.97903147253206,58.552281956144974,4524.0,0.9010950244910345
25,4.026369733753045,1.525691275332727,2.513108418718879,0.13471564708830164,1.6081587496537828,19.170735357610564,full_OnSSET,54.465549468965754,49.07863563265535,5053.0,0.9010950244910345
26,3.8822878362554936,1.6265991605583858,2.3096271059608005,0.06556352017124073,1.8253433796484932,46.10419139901195,full_OnSSET,56.86997151046409,51.24524837102607,3853.0,0.9010950244910345
27,3.119450008153892,1.9520843020194856,2.232903285433263,0.07934519509889255,1.83984215677886,22.00525076941839,full_OnSSET,23.381703690528713,21.069136859659082,3546.0,0.9010950244910345
28,4.357301652209814,1.9389954388928134,2.714087817825386,0.09325489403324028,2.1495446005840595,28.638751575570367,full_OnSSET,77.36407044755774,69.71237895466815,4611.0,0.9010950244910345
29,3.352544764742881,1.935201772203457,2.5936042386148572,0.08184328459064313,1.5728900197422524,13.208286814681403,full_OnSSET,51.636898169683185,46.529752020851724,3854.0,0.9010950244910345
30,4.740617584342902,1.4116887240939826,2.520864102669344,0.08157075441317524,1.6508680352054763,18.441213495019124,full_OnSSET,61.81305457822908,55.69943592903498,4449.0,0.9010950244910345
31,4.719035376368701,1.3181634664396578,2.4585901355696946,0.13903200378995428,1.6871736855794455,39.11849522095187,full_OnSSET,74.79111588559762,67.3939024006444,5466.0,0.9010950244910345
32,4.4941343308005095,1.7752845100715746,2.5857476637512153,0.13948030070154557,1.628945413422548,34.28387346412377,full_OnSSET,74.06761344261884,66.7419579490691,5369.0,0.9010950244910345
33,3.8150065988746613,1.2008496238959523,2.2421198548868766,0.10120857335926522,1.639598005302446,21.57952231938026,full_OnSSET,38.147754484414065,34.37475176141106,4495.0,0.9010950244910345
34,4.641950088758414,1.611861428695674,2.5558877401299833,0.13620247349158415,1.5780267240381243,36.199369969446934,full_OnSSET,75.84444827357957,68.34305497459019,5394.0,0.9010950244910345
35,3.2729413544550074,1.8161540085062415,2.0135167446557687,0.11652737560295995,1.8445445613158211,36.91083154516491,full_OnSSET,18.043307868730217,16.25873494587273,3943.0,0.9010950244910345
36,4.4814109959771296,1.1939688072148529,2.1371858318135772,0.11560675817283628,2.1301462896162136,23.974633477663154,full_OnSSET,41.80829617085926,37.67324766200885,5002.0,0.9010950244910345
37,3.5233400455478825,1.9436019893302907,2.346440225107319,0.0930120033417029,1.5992466885306256,19.236124612024447,full_OnSSET,35.35956390225223,31.862327100492276,4150.0,0.9010950244910345
38,4.371152177887436,1.447399176026698,2.8480519000988656,0.12196635787738405,1.6649719916755708,34.11299994847029,full_OnSSET,82.79327537973758,74.6046085059976,5121.0,0.9010950244910345
39,3.457665486321613,1.4166205445426547,2.5761107855608207,0.1136358099640972,2.169358160527054,10.492471888269984,full_OnSSET,41.90737806784488,37.762529866399724,4418.0,0.9010950244910345
40,3.232245415579523,1.561140439941597,2.024971056480195,0.11692792100432385,1.763016872447274,19.532833475619093,full_OnSSET,16.523909818831477,14.889612922887595,3892.0,0.9010950244910345
41,3.6806790085651944,1.8197831365337853,2.4306794924111177,0.06060531188701098,2.159107091925488,22.33038507993821,full_OnSSET,49.1928931346772,44.327471243976795,3657.0,0.9010950244910345
42,4.310893155581691,1.5373462291651128,2.3147397056481593,0.10307122334688193,2.125977671345425,24.931111232374363,full_OnSSET,49.09590229030108,44.24007327668829,4781.0,0.9010950244910345
43,4.839949416984375,1.5552896138060226,2.7691984375879133,0.10885904959261414,2.2746454620296452,38.95926118408194,full_OnSSET,87.41477552629837,78.76901929374812,5078.0,0.9010950244910345
44,4.885676613738941,1.4287962274789856,2.878037711490797,0.09531161636918845,2.0998101550599095,42.16424800535316,full_OnSSET,93.56686297664568,84.31263468548981,4813.0,0.9010950244910345
45,4.330223134739871,1.2199562640704458,2.7789961433764963,0.1259185267233456,2.039055747535193,28.079087762072675,full_OnSSET,78.60470629635259,70.83030974522241,5161.0,0.9010950244910345
46,3.566114194049245,1.2995386503674444,2.8085366733780694,0.1324281069154189,2.1227365932743854,23.458669814088168,full_OnSSET,69.56488263936083,62.68456962563079,4779.0,0.9010950244910345
47,3.9877393749338137,1.4975175513349668,2.4654407122137534,0.11984915441625761,1.7659099583437452,15.644008437694197,full_OnSSET,45.82916268078134,41.296430468242264,4869.0,0.9010950244910345
48,3.6528140547023495,1.8545832412006302,2.787103358120188,0.07106756269819167,2.141965370486063,18.75115997276224,full_OnSSET,71.44474473656088,64.37850400814703,3870.0,0.9010950244910345
49,4.2679091736230435,1.0830058451336262,2.07037027752545,0.11198526172781567,2.139180895391957,19.991442500247118,full_OnSSET,33.50924597751005,30.195014824780518,4835.0,0.9010950244910345
50,4.205499230291938,1.7092258044397073,2.6124286408127726,0.1398384473452949,1.8814079494730407,40.6165742005837,full_OnSSET,73.72441907311986,66.43270721028023,5252.0,0.9010950244910345
51,3.786018193531193,1.2703750522859583,2.1402717884171096,0.13128153148556262,2.26894730718562,33.039277185955626,full_OnSSET,37.980421178057426,34.22396855162146,4858.0,0.9010950244910345
52,3.939356543233128,1.0702012655391824,2.29796505115435,0.0941192630458915,1.5330689268301176,25.598506139315205,full_OnSSET,46.94446048537057,42.3014197707834,4426.0,0.9010950244910345
53,4.118284843812629,1.400874551455996,2.6597554639726604,0.10054473089979321,1.8750988475096342,38.478663039941324,full_OnSSET,76.38509569776055,68.83022967852355,4650.0,0.9010950244910345
54,4.037145686821626,1.2565573982581293,2.715612709440301,0.13770270796121553,1.8952818464108954,40.88461298089631,full_OnSSET,75.90799713423434,68.40031853673827,5122.0,0.9010950244910345
55,3.1436009583598703,1.7448254202989442,1.9713955418752342,0.12250574861178955,1.969059692549687,34.70303014278785,full_OnSSET,14.826297918630123,13.359903286099385,3761.0,0.9010950244910345
56,3.514223912521238,1.8315369460511974,2.0369009689925583,0.1051189296078775,1.8033250074227367,26.31869730626933,full_OnSSET,19.674069228900553,17.72820589365445,4156.0,0.9010950244910345
57,3.8584486533920526,1.2471954615828307,2.7956933837430094,0.06376356180003041,2.086495043324472,22.88742726597695,full_OnSSET,76.10033675280626,68.57363481004593,3818.0,0.9010950244910345
58,3.562434999662297,1.931189230589239,2.420396723499959,0.0782995720722888,1.769159051413525,42.36580627222469,full_OnSSET,57.54650768456495,51.85487175139656,3937.0,0.9010950244910345
59,4.054830962120878,1.68373345233208,2.4364838946287413,0.06692220751396873,1.6784201685818603,45.887055892764394,full_OnSSET,69.903264728907,62.98948404289773,3924.0,0.9010950244910345
60,4.405342246947789,1.8934469516638202,2.69137707440633,0.12130879034778325,1.6457331224112908,28.381261519752414,full_OnSSET,75.56810852704625,68.09404660391989,5102.0,0.9010950244910345
61,3.67322138887436,1.0490875405713092,2.838359658448492,0.06592404610619154,1.7027313726686832,12.660520600022512,full_OnSSET,70.4399794527267,63.47311501010274,3771.0,0.9010950244910345
62,3.7557776190548595,1.8635817478122267,2.357152770448521,0.09177397045394035,1.5511008965335666,35.08165359959363,full_OnSSET,50.33587348610633,45.3574051517406,4271.0,0.9010950244910345
63,3.836700522535312,1.9006648328452445,2.2064102626337743,0.08799312266602338,2.068193132449826,25.039072863474736,full_OnSSET,32.550821642272865,29.331383424947163,4226.0,0.9010950244910345
64,4.1439187437973795,1.730883851025484,2.865984725460483,0.07158801075352979,2.1115054996929086,29.514373147125255,full_OnSSET,82.48886635948443,74.33030705243729,4078.0,0.9010950244910345
65,3.319501783970952,1.510207311049924,2.3997589963939463,0.10630720338014778,2.08336227798473,29.785558105718973,full_OnSSET,46.357143829017005,41.772191653942485,4256.0,0.9010950244910345
66,3.7153709898689655,1.3137610839005078,2.2874734185219694,0.08388759017261946,2.218043834468865,31.625107550157004,full_OnSSET,46.266564558045914,41.69057112354841,4136.0,0.9010950244910345
67,4.593983015266559,1.2623992887719986,2.130902452746504,0.1128093584490975,2.2350009136611573,49.9182032929382,full_OnSSET,57.061638614916575,51.41795864520681,5033.0,0.9010950244910345
68,3.9263906263710218,1.3254187303328484,2.0626327129062734,0.06112152300263284,2.257080113391577,48.1107282526649,full_OnSSET,42.647003771236285,38.4290029077114,3770.0,0.9010950244910345
69,3.86059051573053,1.7640040101535737,2.060088794052609,0.07704893953548464,2.0724908925157774,33.42467303904978,full_OnSSET,29.11301078057028,26.23358916232573,4044.0,0.9010950244910345
70,3.972264454857262,1.8632317413198676,2.823804144819948,0.12358354627841192,1.8226677535950144,14.175117084440517,full_OnSSET,69.85082416268659,62.94223010959502,4928.0,0.9010950244910345
71,4.475586297228623,1.573742938368425,2.1802421603632602,0.10987986750463666,1.5822960051383899,31.508384556233867,full_OnSSET,45.97338736842199,41.42639061668403,4932.0,0.9010950244910345
72,4.502402465488059,1.7364933849022202,2.701156745412066,0.11401494187328921,1.9513233012166449,44.09905299826421,full_OnSSET,81.70289921617615,73.62207597018877,5045.0,0.9010950244910345
73,3.644039494655761,1.3893417432618287,2.4117475624924616,0.1279003218833537,1.8201731205373541,43.093364968383966,full_OnSSET,59.59069544710922,53.69687917335066,4770.0,0.9010950244910345
74,4.746288436964566,1.662356723700274,2.1896262160242435,0.09498920207906965,1.862972645352108,23.309572698353733,full_OnSSET,42.746631785918424,38.5187772160414,4725.0,0.9010950244910345
75,4.0998975019823085,1.4432962451230154,2.781826158731633,0.11516514249399853,1.878917638423288,41.781395420529094,full_OnSSET,79.5196467962372,71.65475807737377,4892.0,0.9010950244910345
76,3.74016796221077,1.6168554291011432,2.2926208925676557,0.10540126448207654,2.028206435328481,13.551573126567185,full_OnSSET,30.40327029603118,27.39623559200976,4472.0,0.9010950244910345
77,4.442574394150319,1.4704073552610062,2.6341046640423853,0.13542067255738013,2.196681850348892,37.04913986353783,full_OnSSET,77.13377356127971,69.50485957628725,5318.0,0.9010950244910345
78,4.0041152309254455,1.9619859622692077,2.8894328485131493,0.09477444683675929,1.9769194616758403,30.877953754024972,full_OnSSET,80.151078262818,72.22373783021682,4500.0,0.9010950244910345
79,4.528932859090341,1.7774960049921034,2.6191478899327647,0.07751993321652123,1.662520240941259,48.37887280814548,full_OnSSET,82.29248439298689,74.1533482395266,4321.0,0.9010950244910345
80,4.0692855245647825,1.769829123810948,2.1560641276035106,0.07167076750860375,1.9947510687334697,48.53714996541788,full_OnSSET,44.14619725064237,39.77991869275363,4029.0,0.9010950244910345
81,4.383881135737631,1.8095566531170584,1.9957165626285798,0.07989835489373738,1.6117251378828965,22.703239205266833,full_OnSSET,23.992519496086707,21.619539942927876,4203.0,0.9010950244910345
82,4.6672643764576005,1.2594341153566777,2.1019813121863122,0.11447971270641612,2.268464201763405,27.276512858613895,full_OnSSET,43.894932031604355,39.55350485405082,5065.0,0.9010950244910345
83,4.182204337402535,1.0028253217191458,2.8554124977818107,0.07875437209355676,2.200980834962463,10.111030536555196,full_OnSSET,65.06525571662368,58.62997819348644,4242.0,0.9010950244910345
84,3.5864285920780272,1.3769406851504633,2.745201991561546,0.0699429522526712,2.0418711435397783,10.36911401552403,full_OnSSET,60.07585096279794,54.134050394642145,3795.0,0.9010950244910345
85,3.2939676464728715,1.346031019971933,2.32686585304114,0.08566906677701729,1.6036345979763127,16.64721214924987,full_OnSSET,31.777831032113763,28.634845432154506,3858.0,0.9010950244910345
86,3.2517289799913898,1.7995330259173246,2.226494203296351,0.08105501608370058,1.6580301355776896,48.81602835334793,full_OnSSET,35.129330860554845,31.65486525214532,3743.0,0.9010950244910345
87,4.848213045866963,1.3201214240916492,2.615047549714015,0.11263031686313671,1.964514815002858,17.02008917693319,full_OnSSET,65.26846890191969,58.81309258366765,5105.0,0.9010950244910345
88,3.375307152609773,1.7556912218631262,2.737351266732683,0.11343799018946032,1.5568503251813905,47.9074685191612,full_OnSSET,69.13394615714564,62.29625490563502,4400.0,0.9010950244910345
89,4.690646527387491,1.5510903120110786,2.4747025574405033,0.12874904505601614,1.7231815763345262,36.74392341737344,full_OnSSET,73.44395256492999,66.17998023521396,5333.0,0.9010950244910345
90,3.8500156715883054,1.2848536150336967,2.0427448291024777,0.10092501238573634,2.2098208140367994,27.55506980841195,full_OnSSET,31.336414129777374,28.237086857732944,4494.0,0.9010950244910345
91,3.897500085640397,1.1220594645696464,2.2757121876254804,0.09608652049468439,2.2311991464161505,14.355473279847729,full_OnSSET,33.692543671588545,30.36018346491533,4413.0,0.9010950244910345
92,4.681134173217494,1.6082583745731167,2.1076242781006878,0.08996935034142223,1.718531974251667,21.33849813289939,full_OnSSET,36.28037533649239,32.69206570238053,4596.0,0.9010950244910345
93,4.8552936019913355,1.5689483752848985,2.361368514345695,0.07658144726551896,1.5923879057941632,44.597111073687635,full_OnSSET,74.16836641987416,66.83274595557653,4380.0,0.9010950244910345
94,3.8724693594591586,1.9585650439903164,2.0459782866092504,0.09018011716663214,1.8101300724010192,42.56869010304642,full_OnSSET,23.161506522917367,20.87071828751748,4174.0,0.9010950244910345
95,3.101419797568265,1.9083801941929837,2.056617997448973,0.06277568495969735,2.075464819918704,13.735386327117661,full_OnSSET,10.900809063121269,9.822664809705351,3019.0,0.9010950244910345
96,3.6281890154524796,1.0326107172648282,2.7017142707717685,0.13494508142599065,1.653261576682874,37.24054691850132,full_OnSSET,69.92792916915317,63.01170904728541,4854.0,0.9010950244910345
97,4.698791083566884,1.9065211214250528,2.2408840753827057,0.10403968261476265,1.7072768444097886,23.644733379248883,full_OnSSET,41.773280633277125,37.641695335313706,4906.0,0.9010950244910345
98,4.812331737969512,1.1538678682466639,2.032361283281661,0.1368165939808902,1.957593929052024,29.928599622018595,full_OnSSET,44.01025692439469,39.657423541144155,5423.0,0.9010950244910345
99,4.297309565360058,1.307365146387375,2.3540335429977053,0.12625088028879,2.0118428089973865,11.283138379609458,full_OnSSET,34.78698958136118,31.346383228786017,5093.0,0.9010950244910345
100,3.083666173453061,1.2517034118327757,2.7719511580611127,0.0972605740541142,1.7853432090512837,16.073679434637466,full_OnSSET,63.68830516938275,57.38921490639743,3944.0,0.9010950244910345
101,3.185205272582467,1.1091645953111962,2.6432667590968904,0.06871177019514577,2.278738171604167,17.888617138225776,full_OnSSET,61.46156937059239,55.382714357251366,3543.0,0.9010950244910345
102,4.2583648755077865,1.178082962762024,2.552219432155302,0.06430154244938775,1.5302000469113461,15.526947151229198,full_OnSSET,56.57686943975455,50.98113555344169,3954.0,0.9010950244910345
103,4.251705817894577,1.8825010830444044,2.5387589920537716,0.06888845444546982,1.5910286247809267,41.8317738902424,full_OnSSET,75.10378558491102,67.6756475110048,4047.0,0.9010950244910345
104,4.897036849726197,1.0789340695647727,2.706769273285412,0.07008882722873733,1.7937281030975085,25.657250742476855,full_OnSSET,84.90992859094563,76.51191418319014,4229.0,0.9010950244910345
105,4.321456657881735,1.9496349354365523,2.163209926612184,0.06324652930677642,2.2490714389443327,26.100464972080886,full_OnSSET,33.809037039147846,30.46515505880922,3920.0,0.9010950244910345
106,3.9647682798885135,1.1275684359023823,2.5079129826182553,0.13817434244591303,2.1910240405244075,27.99015113839953,full_OnSSET,63.30178250741096,57.04092125884162,5061.0,0.9010950244910345
107,3.221731687477656,1.1562373330141575,2.5779647949112627,0.0788055360996711,1.670828795183849,44.79271301334349,full_OnSSET,64.20698888755186,57.85659822412412,3710.0,0.9010950244910345
108,3.136572984357831,1.5305483293389521,2.599515461464251,0.12973825514083068,2.0916998592071687,15.310930081093211,full_OnSSET,52.64305833074976,47.436397935829916,4358.0,0.9010950244910345
109,3.287116173800906,1.370428407709507,2.4284448593335815,0.12235976427970827,2.0146845897733003,39.386753157365376,full_OnSSET,53.30773251276608,48.03533253415247,4417.0,0.9010950244910345
110,3.0609091683462926,1.5176709564413131,2.007968395243043,0.13174613087870954,1.8997735750078963,42.92107713696295,full_OnSSET,19.062671176872513,17.177278150988474,3950.0,0.9010950244910345
111,3.8270508253760402,1.8495733783178874,2.5026845168053806,0.09563538757419707,1.8910228691259425,49.04836363019341,full_OnSSET,68.58026443744775,61.7973350628636,4406.0,0.9010950244910345
112,4.8806334568572325,1.0950805156069212,2.444500949195091,0.0833905287177025,2.1326965825851074,31.996157267888016,full_OnSSET,74.88846307092344,67.48162146498969,4545.0,0.9010950244910345
113,3.26126115971256,1.688117443609312,1.9850250019510374,0.0760540774013018,1.692326241280946,29.14796583189527,full_OnSSET,17.202583698904302,15.501162579473243,3530.0,0.9010950244910345
114,4.647704784320259,1.0474216581376181,2.739132817651697,0.12940849688701572,1.9456876573247341,28.51739062089543,full_OnSSET,81.01832351164241,73.00520820894597,5337.0,0.9010950244910345
115,4.62033515066186,1.8732262943761753,2.8728251047331863,0.07790632574227573,1.5596567855735544,32.16425877542257,full_OnSSET,87.87676609898162,79.18531670015476,4354.0,0.9010950244910345
116,3.203802621646063,1.7017372768802024,2.406610975199618,0.13753234768963324,1.7873706693303328,44.26954230756148,full_OnSSET,49.70155279321353,44.78582193144319,4467.0,0.9010950244910345
117,3.431500868303048,1.4745369571402487,2.8131066479463036,0.10353475600188183,2.2150922244047737,41.05223949687307,full_OnSSET,72.00020154974777,64.87902337882939,4322.0,0.9010950244910345
118,3.209724826742233,1.6243415448088632,2.482026798418927,0.12747583858008615,2.046377482252123,39.5864062557806,full_OnSSET,55.98440183140473,50.44726593938557,4416.0,0.9010950244910345
119,4.554065099814155,1.6776995641780057,2.6624150907022957,0.120418241602534,2.259708562418555,15.010724995444143,full_OnSSET,63.080118627587034,56.8411810396229,5142.0,0.9010950244910345
120,4.8172605500264964,1.9246402915301388,2.37054666751246,0.09099630785807622,1.8062399676051237,14.655786523860062,full_OnSSET,42.95489691385949,38.706443886604085,4657.0,0.9010950244910345
121,4.236948726657544,1.505507958779134,2.175511959444847,0.06318743825739913,2.096250385107575,26.79213795159796,full_OnSSET,42.3879836173278,38.19560113578156,3902.0,0.9010950244910345
122,3.3684258595781107,1.1485228384057324,2.8304197727650116,0.09931895098650916,1.6003663571159938,33.60300057297496,full_OnSSET,71.11433030452844,64.08076920742256,4176.0,0.9010950244910345
123,3.0709085317146307,1.6402555377111958,2.231937933281083,0.11528316988385696,1.6332469505151197,26.885929193151142,full_OnSSET,26.180075609563048,23.59073587257635,4019.0,0.9010950244910345
124,4.50811753159686,1.40314028217811,2.667727517352832,0.12819933813109186,1.9883752202784457,19.666308314664434,full_OnSSET,70.77878793192679,63.778413644965305,5239.0,0.9010950244910345
125,4.78624336095271,1.1196546041243267,2.078305546172944,0.10655035918757413,1.5379113886131195,13.119005931676671,full_OnSSET,30.02035212218787,27.05118993077236,4947.0,0.9010950244910345
126,4.436350860499195,1.589928127640406,2.1710688132500406,0.07446406998693753,2.1872066199083937,11.513919918166263,full_OnSSET,27.53898580637048,24.81524308964966,4170.0,0.9010950244910345
127,3.498900531060911,1.4901107089947774,2.7250781032170224,0.11153879393289223,1.9080801999924553,21.910671492126987,full_OnSSET,66.73985208101357,60.13894864546894,4438.0,0.9010950244910345
128,3.638092979912907,1.9655862212518365,2.587495586327742,0.07379571480591465,1.9434824784389568,21.18032364213536,full_OnSSET,62.73466531107782,56.52989477492252,3902.0,0.9010950244910345
129,3.8958788706939504,1.3037427174544352,2.486355093268881,0.09849219971604115,2.1565160962658174,18.261139457732998,full_OnSSET,51.46793912018739,46.377503862008325,4492.0,0.9010950244910345
130,4.094285285546883,1.421708487624143,2.6749370575820652,0.1301127972774494,1.742816513635573,35.952878170886734,full_OnSSET,74.50749887225484,67.13833652106021,5083.0,0.9010950244910345
131,3.704200679358004,1.1971674722244734,2.1325617166534423,0.11749348299892333,1.696164407558018,36.39663393735887,full_OnSSET,38.37148571540563,34.57635486048082,4623.0,0.9010950244910345
132,4.5221177189582304,1.5828122468903287,2.3336222950263292,0.13298621027134855,1.7775930005384604,43.70711015719538,full_OnSSET,64.3324190914638,57.96962275679007,5291.0,0.9010950244910345
133,3.8133126330113245,1.7516635985881583,2.720249430542102,0.1162866180138015,2.030390956882616,22.43858562328417,full_OnSSET,69.47097291034132,62.599948036060006,4718.0,0.9010950244910345
134,4.415506953688871,1.5998052038804629,2.120383976984937,0.087566877053359,2.007412798608116,32.83182537326162,full_OnSSET,42.24968843031263,38.070984030851136,4462.0,0.9010950244910345
135,4.422367077340643,1.2307663363694823,2.881383613561758,0.0844499810250372,1.7368823521161656,33.81673499157506,full_OnSSET,87.04904712104033,78.43946324745505,4445.0,0.9010950244910345
136,3.7637158852680175,1.1718515883461547,2.827633511908771,0.09824877781155267,2.1775459814388958,17.389645885473666,full_OnSSET,71.61119596668374,64.52849238343116,4443.0,0.9010950244910345
137,3.4529176012973792,1.7227264733691303,2.452853276932908,0.07312190268817415,2.1708021577570897,18.142077181700508,full_OnSSET,44.04443413050193,39.68822045151839,3770.0,0.9010950244910345
138,3.7297273263034523,1.2732257464933678,2.7321049776740853,0.09993651906511333,1.8294653711936102,11.018666337360882,full_OnSSET,57.99614863926216,52.26004097848161,4405.0,0.9010950244910345
139,4.192128210678178,1.3652608688076584,2.5717192112581424,0.13578347721665893,1.5487154920983632,47.536261122998695,full_OnSSET,74.72695233496644,67.33608494441695,5196.0,0.9010950244910345
140,4.4027890927596225,1.871280815950681,2.682364323511702,0.09799089215481183,1.8848982415690734,38.60058962032099,full_OnSSET,79.31590415379556,71.47116659599295,4728.0,0.9010950244910345
141,4.576675781037308,1.7056759535180666,2.8682590337490272,0.08307437826745062,2.0238692205101216,30.248674519762577,full_OnSSET,86.55277561201032,77.99227545987145,4477.0,0.9010950244910345
142,4.045463224866102,1.4528595203269152,2.095701969730667,0.06154378975755569,1.6358074344287252,46.93080033617563,full_OnSSET,44.85935733127279,40.422543693075326,3814.0,0.9010950244910345
143,3.4052661667850406,1.760306448899287,2.3496273322143035,0.13430813258718613,2.1649992217031238,45.05862127925094,full_OnSSET,47.897878788030326,43.16054025956879,4617.0,0.9010950244910345
144,3.114229606728339,1.42534552696497,2.607785204119074,0.08874152055248397,1.7321591353677903,23.103025329568112,full_OnSSET,59.8138349016181,53.89794902557626,3816.0,0.9010950244910345
145,3.9939800154628644,1.4897365504159596,2.074417411127582,0.11096646011311631,1.8510886760891905,40.08917187029793,full_OnSSET,38.13229724855984,34.360823323090436,4718.0,0.9010950244910345
146,3.5479801232278305,1.0677791604003486,2.2530068438662942,0.061846259552951685,2.2501721458641337,16.219993905661397,full_OnSSET,31.819999196996513,28.67284295572227,3624.0,0.9010950244910345
147,3.1936858974294973,1.8468131209046703,2.1603232759980155,0.10756106850278979,2.0670172986170847,34.422609742751106,full_OnSSET,24.719037641290218,22.27420182877321,4061.0,0.9010950244910345
148,3.4766171840273548,1.478949756906026,2.0500684136600307,0.08718057576689664,1.90610009157616,43.279337545914316,full_OnSSET,30.061097140081838,27.08790506366941,4021.0,0.9010950244910345
149,4.212805133374785,1.7391838300984679,2.8019251622278105,0.10682795380289246,1.9729559408174535,25.965364485232648,full_OnSSET,77.59576591554526,69.92115858806883,4816.0,0.9010950244910345
150,3.094601685306804,1.354476829555422,2.1119966333294493,0.13087894634847952,2.11315917403427,43.88377494265998,full_OnSSET,25.955161149164297,23.38806657137495,4186.0,0.9010950244910345
151,3.7963556589657026,1.8383930573700533,2.542207578833568,0.10831922440866582,1.7571126395713375,47.23061215421468,full_OnSSET,68.78524776089772,61.982044515728006,4620.0,0.9010950244910345
152,4.292582433292706,1.6556417669472852,2.818509939281047,0.09061304717510099,1.6756204041041307,37.73441635004642,full_OnSSET,83.32869742504572,75.08707464702758,4547.0,0.9010950244910345
153,3.7704628269139064,1.4650505996338916,2.5494261464657675,0.068365136278735,1.7271889499693815,21.675640873861283,full_OnSSET,61.43767394674589,55.36118230971518,3868.0,0.9010950244910345
154,3.703430917802418,1.6025886708081316,2.647300438549911,0.10794807057413155,2.1436893165420807,14.896785155000652,full_OnSSET,58.8131924992081,52.99627513546985,4548.0,0.9010950244910345
155,4.163825162801749,1.7837404175880585,2.1969585188134526,0.12019079339288241,2.1178891975641014,45.3898851568086,full_OnSSET,45.8669225516738,41.330455700028885,4951.0,0.9010950244910345
156,3.263718426819683,1.825796947697869,2.219528685301995,0.11885866260933178,1.5679459490092038,36.503989712124465,full_OnSSET,30.596801923779758,27.570625978855652,4294.0,0.9010950244910345
157,4.090338513872369,1.8430540092865115,2.670863483432818,0.08257063019467152,1.7808855364612097,30.5140460941422,full_OnSSET,74.7103942817047,67.32116456500754,4301.0,0.9010950244910345
158,3.30132660619011,1.277704373713954,2.2665663969378835,0.0853588651595179,2.1929762271636677,28.99497472100414,full_OnSSET,36.314073234999846,32.722430711061406,3882.0,0.9010950244910345
159,4.341231446324823,1.1124038681352175,2.0853355719556976,0.10265619374963258,1.7007786652592267,31.27579910607313,full_OnSSET,43.31729898042933,39.03300258565543,4782.0,0.9010950244910345
160,3.3317436248083254,1.35914429007025,2.382802684085781,0.08679245875872107,2.1026779475909096,18.81258174143678,full_OnSSET,38.03498244354153,34.27313343647912,3921.0,0.9010950244910345
161,3.658115173818506,1.6497348526639337,2.7657510685380498,0.08904929374795134,1.935954983711588,24.725508524665315,full_OnSSET,71.52710413601241,64.45271765321289,4219.0,0.9010950244910345
162,4.136085338151289,1.161637876054898,2.202697089897582,0.0965324261284139,1.6224274656006976,13.869802677965104,full_OnSSET,31.590792205836095,28.466305676409057,4522.0,0.9010950244910345
163,4.277223868262678,1.5777819768293389,2.3845461516208273,0.06033045955225928,2.0507467117747913,44.82263295000142,full_OnSSET,69.9268526649457,63.010739014700206,3855.0,0.9010950244910345
164,3.5327310283672877,1.2080301308584174,2.750007958084586,0.13852126334164117,2.2212366928887333,49.63744108009767,full_OnSSET,70.98389760423261,63.96323695015507,4813.0,0.9010950244910345
165,4.076924247196711,1.6319361785955346,2.026298305947515,0.11224373629935705,1.773626231298351,27.13172114385837,full_OnSSET,28.83133634351204,25.979773728566233,4713.0,0.9010950244910345
166,3.239975103802982,1.0582097164182485,2.0816745342040313,0.12286307057515415,1.7552047544682712,12.005576810139907,full_OnSSET,15.711303872830182,14.157377748073998,3956.0,0.9010950244910345
167,4.392723245607366,1.2127484320324045,1.9906464163110833,0.10939083786139067,2.081987993580279,45.45378413831726,full_OnSSET,44.1022438351291,39.74031248872523,4889.0,0.9010950244910345
168,4.628143637009353,1.037159406198871,2.7526072701182485,0.12409060255987224,1.854682393579508,47.16202305818362,full_OnSSET,86.73521812532714,78.15667350087688,5272.0,0.9010950244910345
169,3.9072034525542896,1.0173173570838456,2.2493926724108437,0.09714050709847424,2.0366173148462465,48.63874121813933,full_OnSSET,56.44930486318936,50.86618774819749,4482.0,0.9010950244910345
170,4.707804115193768,1.6673194652607246,2.1223168003451494,0.12494566738755801,1.688457548557052,11.71420901658903,full_OnSSET,26.073531382422043,23.494729399611348,5079.0,0.9010950244910345
171,4.76412220829482,1.0085975670657177,2.790523323068107,0.13679757800451275,1.8150204042322227,46.56593103868208,full_OnSSET,88.86274867159705,80.07378069057339,5481.0,0.9010950244910345
172,3.309228503324105,1.2868204705661865,1.976807841252233,0.10018352220183238,1.9190097648929565,40.3988733464837,full_OnSSET,24.144817480031872,21.75677489850088,4046.0,0.9010950244910345
173,4.730389926807456,1.3788164747029668,2.8582631994647025,0.13349162656050811,1.798482584770223,33.27159568655617,full_OnSSET,86.44996437618919,77.89963276681125,5426.0,0.9010950244910345
174,3.689318008209865,1.1385001403944661,2.4105620737787206,0.06611342447389958,1.9397619642674697,46.39625558882642,full_OnSSET,65.29512448423469,58.837111796266605,3783.0,0.9010950244910345
175,4.351052405339191,1.0233861805030633,1.9820355762080404,0.09273516889425035,2.1819545134487375,27.7458051913403,full_OnSSET,36.81743113202623,33.17600400761015,4561.0,0.9010950244910345
176,4.014190057527016,1.804346200655309,1.9999938281879273,0.08511991482120149,1.5213475957870166,10.707410424205653,full_OnSSET,14.102741397548288,12.7079101050145,3930.0,0.9010950244910345
177,3.4134946117047735,1.21356408729743,2.215201476816603,0.06457794256531031,1.5738534589705018,41.38384841071898,full_OnSSET,41.248198792011145,37.16854670069834,3591.0,0.9010950244910345
178,4.4557672631324605,1.6355032273223653,2.4425680587904925,0.1290756780365102,1.7474558449149922,38.167534942865814,full_OnSSET,68.97299642894797,62.1512239063629,5224.0,0.9010950244910345
179,4.567785059124709,1.7135622025403585,2.5651620994781417,0.0748132293230849,2.263312891237881,20.816915742051236,full_OnSSET,67.26798901806583,60.61485021169667,4250.0,0.9010950244910345
180,3.386999920733751,1.4839044584968708,2.2102886151489916,0.11938072247123144,1.5847657264901063,26.505513977586507,full_OnSSET,31.455148434547237,28.344077748997467,4420.0,0.9010950244910345
181,4.319191227639026,1.0432572758008978,2.31906862781442,0.10574816396820495,1.6161034073889196,35.42077086157903,full_OnSSET,60.57011913670046,54.57943298690998,4837.0,0.9010950244910345
182,3.164268604658567,1.2350459355404049,2.8401855929622455,0.07588268128831974,2.174779992118261,49.38520393477495,full_OnSSET,70.95747259583824,63.93942550656877,3645.0,0.9010950244910345
183,4.868487937374866,1.2240999631044296,2.425262296633338,0.12448552293722624,2.06056172262327,29.211836721688098,full_OnSSET,68.0139577825759,61.28703895382242,5337.0,0.9010950244910345
184,3.3368604258766146,1.0142003158933601,2.850870907857463,0.06232021971343842,1.6801739810316971,17.605288151593395,full_OnSSET,70.92344187468288,63.90876059305583,3526.0,0.9010950244910345
185,3.7469657463587263,1.100193811896743,2.4679888199618802,0.09386512397970223,1.9264395358091913,16.97456614011905,full_OnSSET,47.17599617263198,42.510055426566765,4330.0,0.9010950244910345
186,4.186491202128057,1.3863327160343382,2.3314432154358844,0.13044557133692955,1.546378383457498,32.559497746610845,full_OnSSET,55.219962255358254,49.75843324088605,5117.0,0.9010950244910345
187,4.543532191225973,1.5929224253401912,2.5327675290922116,0.10173114411710171,1.7929979576647606,16.409410018472077,full_OnSSET,56.47461041871641,50.8889904583749,4841.0,0.9010950244910345
188,4.5346456302256986,1.9164386346594298,2.1448808430976922,0.11862106383971667,1.643149629103237,12.53383624164657,full_OnSSET,24.51725644924221,22.092377800582884,4874.0,0.9010950244910345
189,3.6018087575345383,1.241588512762374,2.4780175476679904,0.1321280131479067,2.003461957036555,17.514266004966256,full_OnSSET,46.12854025643583,41.566198112108715,4767.0,0.9010950244910345
190,4.773358884467293,1.3327504430675414,2.640818042800597,0.0722263730902214,2.052604133074145,46.74520813514117,full_OnSSET,87.91239497987281,79.217421707454,4268.0,0.9010950244910345
191,3.9244756391642186,1.1809701264575403,2.0896692692557397,0.12681105886810945,1.5240907941198207,25.39578001087588,full_OnSSET,33.73804929262041,30.401188353613517,4891.0,0.9010950244910345
192,3.1784966654170543,1.6949540240299747,2.600404835938965,0.1106728946079773,1.6255327214416617,37.50807788564806,full_OnSSET,61.79898291646051,55.686756024629005,4200.0,0.9010950244910345
193,3.9531263929873477,1.669890028883128,2.3771409927995606,0.1266720617796342,2.106872089109177,20.30201060454635,full_OnSSET,44.166653278331744,39.798351517525376,4910.0,0.9010950244910345
194,4.580463538853419,1.1337783795048129,2.2843265956999135,0.12397117273838366,1.8693013713139164,30.665883222615467,full_OnSSET,57.041459173993736,51.39977505139423,5203.0,0.9010950244910345
195,4.466852129138712,1.4352333362817256,2.002588742301676,0.12090183299298937,1.7147224363749398,41.57133001056799,full_OnSSET,40.95266636481668,36.90224390097765,5076.0,0.9010950244910345
196,3.504885303147182,1.5211964762160854,2.1535415386978602,0.08611240713217501,2.018168831383226,37.95931674742512,full_OnSSET,34.93549949590074,31.480204773865204,4027.0,0.9010950244910345
197,4.1685150283502725,1.6501473956081516,2.627024795505375,0.08214340543610703,1.926836805208372,24.116667007104517,full_OnSSET,71.75265629278641,64.65596157944515,4311.0,0.9010950244910345
198,3.575222135239263,1.053720685094481,2.321738156742358,0.08955721942699722,1.967837532906881,39.6300518696722,full_OnSSET,51.96637722678004,46.826643959875696,4144.0,0.9010950244910345
199,3.44316988241237,1.1887810340942873,2.338934634881093,0.07078499069039139,2.226363658416571,32.686227564830716,full_OnSSET,47.30011337522995,42.62189682028154,3729.0,0.9010950244910345
200,4.020785952993176,1.544427925530493,2.302559933864848,0.07425215340371748,1.9146381834715005,43.44525320754006,full_OnSSET,57.64934104907774,51.94753438451071,4077.0,0.9010950244910345
